_id,name,description,price,category,image,company,size
6964c858ed7c819c202a7c6e,Freeze Dried Mango,"Savor the rich, juicy sweetness of premium, farm-fresh mangoes?handpicked and delivered to your door for the ultimate summer delight",140,Freeze Dried,/images/Products/poshi-1/mango.webp,Poshi,
6964c858ed7c819c202a7c6f,Freeze Dried Jamun,"A juicy, tangy-sweet fruit rich in antioxidants and nutrients, Jamun boosts digestion, controls blood sugar.",140,Freeze Dried,/images/Products/poshi-1/jamun.webp,Poshi,
6964c858ed7c819c202a7c70,Freeze Dried Strawberries,"Sweet, slightly tart, and juicy Perfect for smoothies, baking, or as a refreshing snack straight from the freezer.",180,Freeze Dried,/images/Products/poshi-1/strobery.webp,Poshi,
6964c858ed7c819c202a7c71,Freeze Dried chickoo,"Perfect for milkshakes, smoothies, Indian-style desserts (like chikoo halwa or ice cream), or eaten directly as a frozen treat.",90,Freeze Dried,/images/Products/poshi-1/sapota.webp,Poshi,
6964c858ed7c819c202a7c72,Freeze Dried Apple,"Juicy, sweet, and packed with fiber?our apples are freshly picked, perfect for snacking, salads, or juicing.",180,Freeze Dried,/images/Products/poshi-1/apple.webp,Poshi,
6964c858ed7c819c202a7c73,Freeze Dried Guava,"Frozen guava offers a sweet, tropical flavor, perfect for smoothies, desserts, or refreshing snacks.",180,Freeze Dried,/images/Products/poshi-1/gauvava.webp,Poshi,
6964c858ed7c819c202a7c74,Freeze Dried Kiwi,"Fresh-picked kiwi, freeze-dried for your delight?a tropical taste adventure in every chilly slice.",140,Freeze Dried,/images/Products/poshi-1/kiwi.webp,Poshi,
6964c858ed7c819c202a7c75,Freeze Dried Jackfruit,"Tropical taste preserved ? enjoy jackfruit?s sweetness, texture, and nutrition anytime, straight from the freezer.",140,Freeze Dried,/images/Products/poshi-1/jackfruite.webp,Poshi,
6964c858ed7c819c202a7c76,Vacuum cooked veggie chips,"Crispy vacuum-cooked vegetable chips made from fresh produce, retaining natural color, flavor, and nutrients. Lightly seasoned, less oily, and a healthier alternative to regular fried snacks.",200,Namkeen,/images/Products/MWH/cooked-chips - Copy.webp,MWH,100 GM
6964c858ed7c819c202a7c77,Roasted Mexican mix,"A bold and crunchy roasted mix inspired by Mexican flavors, combining nuts, seeds, and spices. Perfectly roasted for a spicy, tangy snack with a satisfying crunch.",140,Namkeen,/images/Products/MWH/rosted-mix - Copy.webp,MWH,100 GM
6964c858ed7c819c202a7c78,Premium Roasted mix ,"Carefully selected nuts and seeds slow roasted to perfection. This premium mix delivers rich flavor, crunch, and nutrition, making it an ideal guilt-free everyday snacking option.",180,Namkeen,/images/Products/MWH/cocoa - Copy.webp,MWH,One Pisce
6964c858ed7c819c202a7c79,Premium praline nutty Brittles,"Delicate, super-thin brittles made with premium nuts coated in caramelized sweetness. Perfectly crunchy, rich, and indulgent, offering a balanced blend of nutty flavor and crisp texture",45,Namkeen,/images/Products/MWH/top-view-delicious-breakfast-concept - Copy.webp,MWH,One Pisce
6964c858ed7c819c202a7c7a,Assorted dry fruit nutty Bites - Blueberry,"Wholesome bite-sized treats made from premium dry fruits and nuts with no added sugar. Naturally sweet, nutritious, and perfect for clean snacking and mindful indulgence.",45,Namkeen,/images/Products/MWH/blueberry - Copy.webp,MWH,One Pisce
6964c858ed7c819c202a7c7b,Assorted dry fruit nutty Bites - Rose,"Wholesome bite-sized treats made from premium dry fruits and nuts with no added sugar. Naturally sweet, nutritious, and perfect for clean snacking and mindful indulgence.",45,Namkeen,/images/Products/MWH/gulkand - Copy.webp,MWH,One Pisce
6964c858ed7c819c202a7c7c,Assorted dry fruit nutty Bites - Gulkand,"Wholesome bite-sized treats made from premium dry fruits and nuts with no added sugar. Naturally sweet, nutritious, and perfect for clean snacking and mindful indulgence.",45,Namkeen,/images/Products/MWH/gulkand - Copy.webp,MWH,One Pisce
6964c858ed7c819c202a7c7d,Assorted dry fruit nutty Bites - Orange,"Wholesome bite-sized treats made from premium dry fruits and nuts with no added sugar. Naturally sweet, nutritious, and perfect for clean snacking and mindful indulgence.",45,Namkeen,/images/Products/MWH/cookie - Copy.webp,MWH,One Pisce
6964c858ed7c819c202a7c7e,Assorted dry fruit nutty Bites - Peel,"Wholesome bite-sized treats made from premium dry fruits and nuts with no added sugar. Naturally sweet, nutritious, and perfect for clean snacking and mindful indulgence.",45,Namkeen,/images/Products/MWH/- Copy.webp,MWH,One Pisce
6964c858ed7c819c202a7c7f,Assorted dry fruit nutty Bites - Date,"Wholesome bite-sized treats made from premium dry fruits and nuts with no added sugar. Naturally sweet, nutritious, and perfect for clean snacking and mindful indulgence.",45,Namkeen,/images/Products/MWH/top-view-delicious-breakfast-concept - Copy.webp,MWH,One Pisce
6964c858ed7c819c202a7c80,Assorted dry fruit nutty Bites - Anjeer ,"Wholesome bite-sized treats made from premium dry fruits and nuts with no added sugar. Naturally sweet, nutritious, and perfect for clean snacking and mindful indulgence.",45,Namkeen,/images/Products/MWH/anjeer-cookie - Copy.webp,MWH,One Pisce
6964c858ed7c819c202a7c81,Honeycomb Brownie nutty Bites,"Soft brownie-inspired nutty bites blended with honeycomb crunch and premium nuts. A delightful balance of rich cocoa flavor, crunch, and natural sweetness in every bite.",45,Namkeen,/images/Products/MWH/cookie - Copy.webp,MWH,One Pisce
6964c858ed7c819c202a7c82,Slow roasted Salted Almonds,"Premium almonds slow roasted for enhanced crunch and flavor, lightly seasoned with salt. A classic, protein-rich snack that?s wholesome, satisfying, and perfect for daily consumption.",400,Namkeen,/images/Products/MWH/rosted-almond - Copy.webp,MWH,250 GM
6964c858ed7c819c202a7c83,Super thin Cocoa jaggery peanut chikki/ brittles,"Ultra-thin peanut brittles crafted with cocoa and natural jaggery. Crisp, nutty, and lightly sweetened, offering a modern twist to traditional chikki with deep cocoa notes.",120,Namkeen,/images/Products/MWH/jagri-chiki - Copy.webp,MWH,250 GM
6964c858ed7c819c202a7c84,Peanut chikki ,"Traditional peanut chikki made using roasted peanuts and pure jaggery. Crunchy, wholesome, and naturally sweet, delivering authentic taste and sustained energy in every bite.",240,Sweet,/images/Products/MWH/peanut-chiki - Copy.webp,MWH,500 GM
6964c858ed7c819c202a7c85,Sesame chikki,"Classic sesame chikki prepared with premium sesame seeds and natural jaggery. Rich in calcium and nutrients, this crunchy delight offers a perfect balance of taste and tradition.",240,Sweet,/images/Products/MWH/seasame-chiki - Copy.webp,MWH,500 GM
6964c858ed7c819c202a7c86, Super thin Mix seeds brittles,"Light, super-thin brittles made with a blend of nutritious seeds and natural sweeteners. Crisp, flavorful, and packed with goodness, ideal for guilt-free snacking anytime.",140,Namkeen,/images/Products/MWH/mix-bralit - Copy.webp,MWH,250 GM
6964c858ed7c819c202a7c87,Hand Made Desi Jaggery Kaju Katri ,"A traditional handcrafted kaju katri prepared with premium cashews and desi jaggery. Rich, smooth, and indulgent, offering a healthier twist to a timeless festive delicacy.",1900,Sweet,/images/Products/MWH/peanut-chheki - Copy.webp,MWH,1 KG
6964c858ed7c819c202a7c88,Cookie - Thin crunchy fruity biscotti ,"Thin, crunchy biscotti packed with fruity bits and baked to perfection. A light, flavorful cookie ideal for pairing with tea, coffee, or as an anytime crunchy treat.",375,Namkeen,/images/Products/MWH/crunchy-savory - Copy.webp,MWH,250 GM
6964c858ed7c819c202a7c89, Cookies - Crunchy Vanilla & chocolate oats cookie,"Wholesome oats cookies baked with vanilla and chocolate flavors. Crunchy, flavorful, and satisfying, combining indulgence with nutrition for a perfect tea-time or snack-time companion.",350,Namkeen,/images/Products/MWH/cocoa - Copy.webp,MWH,250 GM
6964c858ed7c819c202a7c8a, Granola - Crunchy Savoury & chocolate granola,"Deliciously crunchy granola available in savoury and chocolate variants. Packed with grains, nuts, and seeds, ideal for breakfast bowls, snacking, or topping yogurts and smoothies.",300,Namkeen,/images/Products/MWH/crunchy-savory - Copy.webp,MWH,250 GM
6964c858ed7c819c202a7c8b,Rose Gulkand mouth fresheners ,"Traditional rose petal preserve prepared using natural ingredients. Aromatic, cooling, and delicious, known for digestive benefits and perfect for desserts, milk, or direct consumption.",180,Namkeen,/images/Products/MWH/gulkand - Copy.webp,MWH,150 GM
6964c858ed7c819c202a7c8c,Seeds Mukhwas mouth  fresheners ,"A refreshing blend of roasted seeds and natural ingredients used as a mouth freshener. Aids digestion, refreshes breath, and offers a crunchy, flavorful finish after meals.",300,Namkeen,/images/Products/MWH/mix-seeds - Copy.webp,MWH,150 GM
6964c858ed7c819c202a7c8d,Roasted Almond  mouth  fresheners ,"Premium almonds carefully roasted to enhance their natural flavor and crunch. A nutritious, protein-rich snack perfect for boosting energy and supporting a healthy lifestyle.",180,Namkeen,/images/Products/MWH/rosted-almond - Copy.webp,MWH,150 GM
6964c858ed7c819c202a7c8e,Wild forest Honey,"Pure, raw wild forest honey collected from natural sources. Rich in flavor, nutrients, and antioxidants, offering authentic taste and natural sweetness without any processing or additives.",550,Namkeen,/images/Products/MWH/honey - Copy.webp,MWH,450 GM
6964c858ed7c819c202a7c8f,A2 Desi Gir cow ghee ( Bilona) ,"Pure A2 ghee made from Gir cow milk using traditional methods. Aromatic, nutritious, and easily digestible, ideal for cooking, Ayurveda use, and daily wellness routines.",1100,Namkeen,/images/Products/MWH/ghee-1 - Copy.webp,MWH,550 GM
6964c858ed7c819c202a7c90, Desi lachkari Jaggery,"Traditional desi lachkari jaggery made from natural sugarcane juice. Unrefined, mineral-rich, and flavorful, offering a healthier alternative to refined sugar for everyday use.",150,Sweet,/images/Products/MWH/lachkri-jaggery - Copy.webp,MWH,900 GM
6964c858ed7c819c202a7c91,Nankathai ,"Traditional Indian shortbread cookies baked with ghee and premium ingredients. Crisp, buttery, and lightly sweet, offering a melt-in-the-mouth texture perfect with tea or coffee.",350,Namkeen,/images/Products/plantro/MoringaNankhata.webp,Plantro,500 GM
6964c858ed7c819c202a7c92,Jowar Muffins,"Soft, wholesome muffins made with nutrient-rich jowar flour. Naturally gluten-free, lightly sweetened, and baked to perfection for a healthy, delicious snack anytime.",400,Namkeen,/images/Products/plantro/JowarMuffin.webp,Plantro,500 GM
6964c858ed7c819c202a7c93,Ragi Brownie,"Rich, fudgy brownie prepared with calcium-rich ragi flour. Naturally wholesome, indulgent yet nutritious, delivering deep cocoa flavor with a soft, moist texture.",300,Namkeen,/images/Products/plantro/RagiBrownie.webp,Plantro,500 GM
6964c858ed7c819c202a7c94,Dhokla ,"Soft and fluffy steamed dhokla made from fermented batter. Light, savory, and easy to digest, perfectly balanced with mild spices for a healthy traditional snack.",225,Fast Food,/images/Products/plantro/RagiJowarDhokla.webp,Plantro,500 GM
6964c858ed7c819c202a7c95,Jeera bhakhri,"Jeera Bhakhri is a traditional Indian flatbread made from wheat flour and cumin seeds, offering a crisp texture, aromatic flavor, and perfect pairing with curd or vegetables.",20,Namkeen,/images/Products/vyando/jeera-bhakhri.webp,Vyndo,40GM
6964c858ed7c819c202a7c96,Jeera bhakhri,"Jeera Bhakhri is a traditional Indian flatbread made from wheat flour and cumin seeds, offering a crisp texture, aromatic flavor, and perfect pairing with curd or vegetables.",99,Namkeen,/images/Products/vyando/jeera-bhakhrimoti.webp,Vyndo,180GM
6964c858ed7c819c202a7c97,Moong Bajra Bhakhri,"Moong Bajra Bhakhri is a wholesome Indian flatbread made from pearl millet and moong dal, rich in fiber, earthy flavor, and ideal with ghee or sabzi for daily healthy meals.",20,Namkeen,/images/Products/vyando/mung-bajra-bhakhri.webp,Vyndo,40GM
6964c858ed7c819c202a7c98,Moong Bajra Bhakhri,"Moong Bajra Bhakhri is a wholesome Indian flatbread made from pearl millet and moong dal, rich in fiber, earthy flavor, and ideal with ghee or sabzi for daily healthy meals.",99,Namkeen,/images/Products/vyando/moong-bajari-bhakhri.webp,Vyndo,180GM
6964c858ed7c819c202a7c99,Rosted Ragi Bhakhri,"Roasted Ragi Bhakhri is a nutritious Indian flatbread made from finger millet, offering a roasted aroma, earthy taste, high calcium content, and perfect accompaniment to curd or vegetables.",20,Namkeen,/images/Products/vyando/rosted-rsgi-bhakhri.webp,Vyndo,40GM
6964c858ed7c819c202a7c9a,Rosted Ragi Bhakhri,"Roasted Ragi Bhakhri is a nutritious Indian flatbread made from finger millet, offering a roasted aroma, earthy taste, high calcium content, and perfect accompaniment to curd or vegetables.",99,Namkeen,/images/Products/vyando/rosted-bhakhri.webp,Vyndo,180GM
6964c858ed7c819c202a7c9b,Masala Ragi Bhakhri,"Masala Ragi Bhakhri is a flavorful, healthy Indian flatbread made from ragi flour blended with spices, offering a spicy aroma, earthy taste, and perfect pairing with curd or chutney.",20,Namkeen,/images/Products/vyando/ragi-bhakhri.webp,Vyndo,40GM
6964c858ed7c819c202a7c9c,Masala Ragi Bhakhri,"Masala Ragi Bhakhri is a flavorful, healthy Indian flatbread made from ragi flour blended with spices, offering a spicy aroma, earthy taste, and perfect pairing with curd or chutney.",99,Namkeen,/images/Products/vyando/ragi-masala-bhakhri.webp,Vyndo,180GM
6964c858ed7c819c202a7c9d,Farali Bhakhri,"Farali Bhakhri is a fasting-friendly Indian flatbread made from vrat-approved flours, lightly seasoned, wholesome, filling, and perfect during religious fasts with curd or peanut chutney.",99,Namkeen,/images/Products/vyando/farali-bhakhri.webp,Vyndo,180GM
6964c858ed7c819c202a7c9e,Farali Fista Combo,"Farali Fista Combo is a special fasting-friendly assortment of farali bhakhris and snacks, made from vrat-approved ingredients, offering taste, nutrition, and convenience during religious fasts.",396,Namkeen,/images/Products/vyando/farali-combo.webp,Vyndo,720GM
6964c858ed7c819c202a7c9f,Bajra Methi Bhakhri,"Bajra Methi Bhakhri is a healthy Indian flatbread made from pearl millet and fresh fenugreek leaves, offering earthy flavor, mild bitterness, rich fiber, and perfect with ghee or sabzi.",99,Namkeen,/images/Products/vyando/bajri-methi-bhakhri.webp,Vyndo,180GM
6964c858ed7c819c202a7ca0,Chorafali Khakhra,"Chorafali Khakhra is a crispy Gujarati snack inspired by surti chorafali, made from spiced flours, offering a crunchy texture, savory flavor, and perfect tea-time accompaniment.",99,Namkeen,/images/Products/vyando/cholafali-khakhra.webp ,Vyndo,200GM
6964c858ed7c819c202a7ca1,Moongdi Khakhra,"Moongdi Khakhra is a light, crispy Indian snack made from moong dal flour, offering a mild savory taste, high protein content, and a healthy tea-time or on-the-go option.",20,Namkeen,/images/Products/vyando/cholafali-khakhra.webp,Vyndo,40GM
6964c858ed7c819c202a7ca2,Methi Bajra Khakhra,"Methi Bajra Khakhra is a nutritious, crispy Indian snack made from pearl millet and fenugreek leaves, offering earthy flavor, rich fiber, and a healthy, satisfying tea-time accompaniment.",99,Namkeen,/images/Products/vyando/methi-bajra-khakhra.webp,Vyndo,200GM
6964c858ed7c819c202a7ca3,Chorafali Khakhra,"Chorafali Khakhra is a crunchy and savory Gujarati snack made from spiced flours, delivering a crispy texture, tangy flavor, and perfect for tea-time or snacking anytime.",20,Namkeen,/images/Products/vyando/chorafali-khakhra.webp,Vyndo,40GM
6964c858ed7c819c202a7ca4,Methi Bajra Khakhra,"Methi Bajra Khakhra is a healthy, crispy Indian snack made from pearl millet (bajra) and fresh fenugreek leaves, offering a flavorful, fiber-rich, and guilt-free tea-time treat.",20,Namkeen,/images/Products/vyando/methi-bajra-khakhra.webp,Vyndo,40GM
6964c858ed7c819c202a7ca5,Plain Millet Khakhra,"Plain Millet Khakhra is a wholesome, crispy Indian snack made from millet flour, offering a light, nutty flavor, rich in fiber, and perfect for a healthy tea-time or on-the-go bite.",20,Namkeen,/images/Products/vyando/millet-khakhra.webp,Vyndo,40GM
6964c858ed7c819c202a7ca6,Plain Millet Khakhra,"Plain Millet Khakhra is a wholesome, crispy Indian snack made from millet flour, offering a light, nutty flavor, rich in fiber, and perfect for a healthy tea-time or on-the-go bite.",99,Namkeen,/images/Products/vyando/millet-khakhra.webp,Vyndo,200GM
6964c858ed7c819c202a7ca7,Sattu Khakhra,"Sattu Khakhra is a nutritious, crispy Indian snack made from roasted gram flour (sattu), offering a wholesome, protein-rich, and flavorful treat ideal for tea-time or light snacking.",99,Namkeen,/images/Products/vyando/sattu-khakhra.webp,Vyndo,200GM
6964c858ed7c819c202a7ca8,Moongdi Khakhra,"Moongdi Khakhra is a crispy, protein-rich Indian snack made from moong dal flour, offering a light, savory flavor and a healthy, guilt-free option for tea-time or on-the-go snacking.",99,Namkeen,/images/Products/vyando/moongdi-khakhra.webp,Vyndo,200GM
6964c858ed7c819c202a7ca9,Peri Peri Soya Chalks,"Peri Peri Soya Chunks are spicy, protein-packed soy snacks tossed in tangy peri-peri seasoning, offering a crunchy, flavorful bite perfect as a healthy snack or appetizer.",65,Namkeen,/images/Products/vyando/peri-peri-soya.webp,Vyndo,100GM
6964c858ed7c819c202a7caa,Tandoori Soya Chalks,"Tandoori Soya Chunks are protein-rich soy bites marinated with aromatic tandoori spices, delivering a smoky, savory flavor and a healthy, satisfying snack or appetizer option.",65,Namkeen,/images/Products/vyando/tandoori-soya.webp,Vyndo,100GM
6964c858ed7c819c202a7cab,Tometo Soya Chalks,"Tomato Soya Chunks are protein-packed soy bites flavored with tangy tomato spices, offering a deliciously savory taste and a healthy, crunchy snack or appetizer option.",65,Namkeen,/images/Products/vyando/soya-tometo.webp,Vyndo,100GM
6964c858ed7c819c202a7cac,Masala Soya Chalks,"Masala Soya Chunks are flavorful, protein-rich soy bites coated with a spicy masala blend, delivering a crunchy, savory taste perfect for snacking or as a healthy appetizer.",65,Namkeen,/images/Products/vyando/soya-masala.webp,Vyndo,100GM
6964c858ed7c819c202a7cad,Millet Flakes Chevda,"Millet Flakes Chevda is a healthy, crunchy snack made from roasted millet flakes, nuts, and mild spices, offering a light, savory, and guilt-free option for tea-time or munching.",65,Namkeen,/images/Products/vyando/millet-chevda.webp,Vyndo,100GM
6964c858ed7c819c202a7cae,Millet Plain Sev Mamra 2.0,"Millet Plain Sev Mamra 2.0 is a healthy, crunchy snack combining roasted millet sev and puffed rice, offering a light, savory flavor and a guilt-free, protein-rich munching experience.",65,Namkeen,/images/Products/vyando/plain-mamra.webp,Vyndo,100GM
6964c858ed7c819c202a7caf,Jain Soya Chalks Combo,"Jain Soya Chunks Combo is a wholesome assortment of protein-rich soy bites prepared without onion and garlic, offering a healthy, flavorful, and fasting-friendly snack or meal option.",117,Namkeen,/images/Products/vyando/jain-soya-combo.webp,Vyndo,100GM
6964c858ed7c819c202a7cb0,Jain Sneks Combo,"Jain Snacks Combo is a curated assortment of tasty, fasting-friendly treats made without onion and garlic, offering a healthy, flavorful, and convenient option for snacking anytime.",260,Namkeen,/images/Products/vyando/sneks-combo.webp,Vyndo,400GM
6964c858ed7c819c202a7cb1,Millet Masala Sev Mamra 2.0,"Millet Masala Sev Mamra 2.0 is a crunchy, savory snack made from roasted millet sev and puffed rice, tossed in flavorful spices, offering a healthy, protein-rich, and guilt-free munching experience.",65,Namkeen,/images/Products/vyando/msala-mamra.webp,Vyndo,100GM
6964c858ed7c819c202a7cb2,Soya chalks Combo,"Soya Chunks Combo is a protein-packed assortment of flavored soy bites, including varieties like peri-peri, tandoori, and masala, offering a tasty, healthy, and convenient snacking or meal option.",276,Namkeen,/images/Products/vyando/soya-combo.webp,Vyndo,500GM
6964c858ed7c819c202a7cb3,Farali Khakhra-Fasting Special,"Farali Khakhra ? Fasting Special is a crispy, wholesome Indian snack made from vrat-friendly flours and spices, offering a light, savory, and nutritious option perfect for religious fasts.",99,Namkeen,/images/Products/vyando/jain-soya-combo.webp,Vyndo,200GM
6964c858ed7c819c202a7cb4,Green Chutney Soya Chalks,"Green Chutney Soya Chunks are protein-rich soy bites coated with zesty, flavorful green chutney spices, offering a crunchy, tangy, and healthy snack or appetizer option.",65,Namkeen,/images/Products/vyando/green-soya.webp,Vyndo,100GM
6964c858ed7c819c202a7cb5,Jowar Mix,"Jowar Mix is a wholesome, crunchy snack made from roasted jowar (sorghum) and a blend of nuts and spices, offering a nutritious, fiber-rich, and flavorful munching experience.",65,Namkeen,/images/Products/vyando/jowar-mix.webp,Vyndo,100GM
6964c858ed7c819c202a7cb6,Ragi Millet Sev Masala,"Ragi Millet Sev Masala is a crunchy, savory snack made from roasted ragi and millet, tossed with aromatic spices, offering a healthy, fiber-rich, and flavorful tea-time treat.",65,Namkeen,/images/Products/vyando/ragi-sev.webp,Vyndo,100GM
6964c858ed7c819c202a7cb7,Ragi Millet Sev Aachari,"Ragi Millet Sev Aachari is a crispy, tangy snack made from roasted ragi and millet, infused with flavorful aachari spices, offering a healthy, fiber-rich, and zesty tea-time treat.",65,Namkeen,/images/Products/vyando/ragi-aachri-sev.webp,Vyndo,100GM
6964c858ed7c819c202a7cb8,Ragi Millet Sev Pudina,"Ragi Millet Sev Pudina is a crunchy, flavorful snack made from roasted ragi and millet, blended with refreshing pudina (mint) spices, offering a healthy, fiber-rich, and aromatic tea-time treat.",65,Namkeen,/images/Products/vyando/pudina-sev.webp,Vyndo,100GM
6964c858ed7c819c202a7cb9,Ragi Millet Sev Thai Chilli,"Ragi Millet Sev Thai Chilli is a spicy, crispy snack made from roasted ragi and millet, tossed with bold Thai chili flavors, offering a healthy, fiber-rich, and zesty tea-time treat.",65,Namkeen,/images/Products/vyando/ragi-thai-sev.webp,Vyndo,100GM
6964c858ed7c819c202a7cba,Jain Spired Bhakhri combo,"Jain Spiced Bhakhri Combo is a wholesome assortment of crispy, flavorful bhakhris made without onion and garlic, offering a healthy, protein-rich, and fasting-friendly snack or meal option.",396,Namkeen,/images/Products/vyando/jain-combo.webp,Vyndo,100GM
6964c858ed7c819c202a7cbb,Jain Spired Crunchy Khakhra combo,"Jain Spiced Crunchy Khakhra Combo is a tasty assortment of crispy, flavorful khakhras made without onion and garlic, offering a healthy, protein-rich, and fasting-friendly snack option.",297,Namkeen,/images/Products/vyando/crunchy-combo.webp,Vyndo,100GM
6964c858ed7c819c202a7cbc,Protain Khakhra Combo,"Protein Khakhra Combo is a nutritious assortment of high-protein, crispy khakhras made from wholesome flours and lentils, offering a healthy, tasty, and guilt-free snack option.",297,Namkeen,/images/Products/vyando/protain-khakhra-combo.webp,Vyndo,100GM
6964c858ed7c819c202a7cbd,Busy Bee Bhakhri Combo,"Busy Bee Bhakhri Combo is a wholesome assortment of nutritious, flavorful bhakhris, crafted for a busy lifestyle, offering a healthy, convenient, and delicious meal or snack option.",80,Namkeen,/images/Products/vyando/busy-bee.webp,Vyndo,100GM
6964c858ed7c819c202a7cbe,The Altimate Experience Kit,"The Ultimate Experience Kit is a curated assortment of premium snacks and bhakhris, offering a flavorful, wholesome, and diverse tasting experience, perfect for gifting or indulging in healthy treats.\n",160,Namkeen,/images/Products/vyando/ultimate-combo.webp,Vyndo,
6964c858ed7c819c202a7cbf,Protain Reach Bhakhri Combo,"Protein Rich Bhakhri Combo is a wholesome assortment of high-protein, nutritious bhakhris made from lentils and millet, offering a healthy, filling, and flavorful meal or snack option.",297,Namkeen,/images/Products/vyando/bhakhri-combo.webp,Vyndo,
6964c858ed7c819c202a7cc0,Revitalizing Ragi Combo,"Revitalizing Ragi Combo is a wholesome assortment of nutritious ragi-based snacks and bhakhris, rich in fiber and calcium, offering a healthy, energy-boosting, and flavorful treat for daily wellness.",396,Namkeen,/images/Products/vyando/revitalizing.webp,Vyndo,
6964c858ed7c819c202a7cc1,Grab-n-Go Khakhra Combo,"Grab-n-Go Khakhra Combo is a convenient assortment of crispy, ready-to-eat khakhras, offering a healthy, flavorful, and portable snack option perfect for on-the-go munching.",80,Namkeen,/images/Products/vyando/grab-n-go.webp,Vyndo,
6964c858ed7c819c202a7cc2,Blissful Bhakhri Combo,"Blissful Bhakhri Combo is a delightful assortment of soft and flavorful bhakhris, crafted from wholesome ingredients, offering a healthy, tasty, and satisfying meal or snack experience.",495,Namkeen,/images/Products/vyando/blissful-combo.webp,Vyndo,
6964c858ed7c819c202a7cc3,The Khakhra Carnival Combo,"The Khakhra Carnival Combo is a festive assortment of crunchy, flavorful khakhras in multiple varieties, offering a healthy, savory, and fun snacking experience for every occasion.",495,Namkeen,/images/Products/vyando/khakhra-carnival.webp,Vyndo,
6964c858ed7c819c202a7cc4,Power-Packed Sneck Combo(7 Snecks),"Power-Packed Snack Combo (7 Snacks) is a wholesome assortment of seven protein-rich, flavorful, and crunchy snacks, offering a healthy, energy-boosting, and satisfying option for daily snacking or on-the-go munching.",553,Namkeen,/images/Products/vyando/power-packed.webp,Vyndo,1050GM
6964c858ed7c819c202a7cc5,The Altimate Jain Snecks Combo,"The Ultimate Jain Snacks Combo is a premium assortment of crunchy, flavorful, and fasting-friendly snacks made without onion and garlic, offering a healthy, wholesome, and guilt-free snacking experience.",553,Namkeen,/images/Products/vyando/jain-snack.webp,Vyndo,1050GM
,Blue Pine Glass Range With Aluminum Cap (300 ML),Blue Pine glass bottle featuring a sleek aluminum cap ? perfect blend of style and strength for everyday use.,150,Water,/images/Products/bluepine/1(1).png,Blue Pine,300ML
,Blue Pine Glass Range With Aluminum Cap (500ML),Vibrant Blue Pine glass with a precision-fit aluminum cap ensures leak-proof performance with a modern look.,250,Water,/images/Products/bluepine/1(2).png,Blue Pine,500ML
,Blue Pine Glass Range With Aluminum Cap (750 ML),"co-friendly Blue Pine glass paired with a lightweight aluminum cap ? ideal for gifting, storage, or daily hydration.",350,Water,/images/Products/bluepine/1(2).png,Blue Pine,750ML
,Blue Pine Glass Range With Over Cap (300ML),"Blue Pine Glass Range with Over Cap combines elegant design with durable glass, offering safe storage and a refined look for everyday use.",150,Water,/images/Products/bluepine/2(1).png,Blue Pine,300ML
,Blue Pine Glass Range With Over Cap (500ML),"Crafted for style and protection, the Blue Pine Glass Range with Over Cap ensures freshness while adding a modern touch to your space.",250,Water,/images/Products/bluepine/2(2).png,Blue Pine,500ML
,Blue Pine Glass Range With Over Cap (750ML),"The Blue Pine Glass Range with Over Cap features high-quality glass and a secure over cap, perfect for preserving contents with sophistication.",350,Water,/images/Products/bluepine/2(2).png,Blue Pine,750ML
,Blue Pine Artesian Water Pet Range (250ML),"Pure artesian spring water crafted for pets, supporting hydration, vitality, and everyday wellness naturally daily.",40,Water,/images/Products/bluepine/3(1).png,Blue Pine,250ML
,Blue Pine Artesian Water Pet Range (500ML),"Premium Blue Pine water delivers balanced minerals, clean taste, and safe refreshment for pets always.",80,Water,/images/Products/bluepine/3(2).png,Blue Pine,500ML
,Blue Pine Artesian Water Pet Range (750ML),"Naturally filtered artesian water designed to keep pets hydrated, active, and feeling their best daily.",100,Water,/images/Products/bluepine/3(3).png,Blue Pine,750ML
,Blue Pine Artesian Water Pet Range (1L),"Trusted pet hydration with pure artesian water, free from contaminants and gentle on digestion systems.",130,Water,/images/Products/bluepine/3(4).png,Blue Pine,1 L
,Belgrey Water Bottle (250ML),"Belgrey creates sustainable hydration today, improving tomorrow’s planet and your wellbeing through responsible bottled water choices",310,Water,/images/Products/belgrey/blugrey1.png,Belgrey,250ML
,Belgrey Water Bottle (500ML),"Every Belgrey bottle supports a greener future, positively impacting the planet while delivering pure, mindful hydration.",430,Water,/images/Products/belgrey/blugrey2.png,Belgrey,500ML
,Belgrey Water Bottle (750ML),"Designed for today, Belgrey transforms tomorrow by combining eco-conscious bottles with refreshing, planet-friendly hydration.",510,Water,/images/Products/belgrey/blugrey3.png,Belgrey,750ML
,Valentine's Gift Hamper celebrating love of all kinds,"A beautifully curated Valentine’s gift hamper celebrating romantic, self, and soulful love, filled with sweet surprises, cozy touches, and meaningful moments that make every kind of love feel special. ??",700,gifting-box,/images/Products/barenecessities/gift-1.webp,barenecessities,
,Founders’ Favourites: My Go-to Gift Bundle,"A handpicked gift bundle of my absolute favorites—thoughtful, indulgent, and loved for a reason. Perfect for gifting something truly tried, tested, and cherished.",1600,gifting-box,/images/Products/barenecessities/gift-2.webp,barenecessities,
,Empower Her Gift Box - Sustainable Beauty Hamper for Women,"A consciously curated sustainable beauty gift box celebrating confidence, self-care, and strength—featuring eco-friendly essentials that nourish her skin, spirit, and everyday rituals with purpose and care. ???",1377,gifting-box,/images/Products/barenecessities/gift-3.webp,barenecessities,
,Sustainable Gentleman's Hamper - Premium Grooming Gift for Men,"A thoughtfully curated sustainable grooming hamper for the modern gentleman—featuring premium, eco-conscious essentials designed for refined self-care, confidence, and everyday sophistication. ????",1504,gifting-box,/images/Products/barenecessities/gift-4.webp,barenecessities,
,Teen's Green Glow Kit - Sustainable Skincare Gift Set for Teens,"A fun, gentle, and sustainable skincare kit for teens—packed with clean, eco-friendly essentials that nurture young skin, boost confidence, and inspire mindful self-care habits early on. ???",1698,gifting-box,/images/Products/barenecessities/gift-5.webp,barenecessities,
,Wedding Wonders Gift Hamper - Zero Waste Earth-Friendly Wedding Favors,"An elegant zero-waste wedding hamper with earth-friendly favors—beautifully crafted to celebrate love, gratitude, and new beginnings while honoring the planet with thoughtful, sustainable choices. ????",1600,gifting-box,/images/Products/barenecessities/gift-6.jfif,barenecessities,
,Happiness Gift Bundle - Zero Waste Handcrafted Gift Set,"A joyful zero-waste handcrafted gift bundle filled with mindful treasures—thoughtfully made to spread warmth, positivity, and simple happiness while caring for the planet. ????",1959,gifting-box,/images/Products/barenecessities/gift-7.webp,barenecessities,
,Gratitude Gift Bundle - Zero Waste Natural Skincare Hamper,"A heartfelt zero-waste natural skincare bundle, lovingly crafted to express gratitude—featuring gentle, planet-friendly essentials that nurture skin, soothe senses, and say thank you in the most meaningful way. ????
",1335,gifting-box,/images/Products/barenecessities/gift-8.webp,barenecessities,
,Festive Zero Waste Gift Bundle - Perfect for Celebrations,"A festive zero-waste gift bundle crafted for joyful celebrations—filled with sustainable, handcrafted delights that spread cheer, warmth, and mindful gifting without harming the planet. ???",1551,gifting-box,/images/Products/barenecessities/gift-9.webp,barenecessities,
,Zero Waste Gift Bundle - Eco-Friendly Sustainable Gifting,"A thoughtfully curated zero-waste gift bundle designed for eco-friendly, sustainable gifting—featuring planet-loving essentials that make every occasion meaningful, mindful, and beautifully responsible. ????",1911,gifting-box,/images/Products/barenecessities/gift-10.webp,barenecessities,
,Your Self Care Necessities Gift Bundle - Eco-Friendly Vegan Natural,"A thoughtfully curated self-care essentials bundle made with eco-friendly, vegan, and natural ingredients—designed to nourish your body, calm your mind, and support mindful, sustainable daily rituals. ???",2377,gifting-box,/images/Products/barenecessities/gift-12.webp,barenecessities,
,Zero Waste Personal Care Kit - Eco-Friendly Bathroom Essentials,"A practical zero-waste personal care kit featuring eco-friendly bathroom essentials—designed to reduce waste while keeping your daily hygiene routine simple, sustainable, and refreshingly mindful. ????",1599,gifting-box,/images/Products/barenecessities/gift-13.webp,barenecessities,
,Zero Waste Travel Kit - Eco-Friendly Travel Essentials,"A compact zero-waste travel kit packed with eco-friendly essentials—perfect for mindful travelers who want sustainable, mess-free personal care wherever the journey takes them. ????",1746,gifting-box,/images/Products/barenecessities/gift-14.webp,barenecessities,
,Ultimate Zero Waste Starter Kit - Complete Eco-Friendly Essentials,"A complete zero-waste starter kit with eco-friendly essentials—perfect for beginning a sustainable lifestyle with practical, planet-friendly swaps for everyday living. ????",2280,gifting-box,/images/Products/barenecessities/gift-15.webp,barenecessities,
,Glow Naturally Skincare Gift Bundle - Zero Waste Vegan Natural,"A zero-waste vegan skincare gift bundle crafted with natural ingredients—designed to nourish your skin, enhance your glow, and support a mindful, eco-friendly beauty routine. ???",1698,gifting-box,/images/Products/barenecessities/gift-11.webp,barenecessities,
,Empower Her Gift Box - Sustainable Beauty Hamper for Women,"A consciously curated sustainable beauty gift box for women, celebrating confidence and self-care with eco-friendly essentials that nourish skin, uplift spirit, and support mindful, planet-loving beauty rituals. ???",1377,corporate-gift,/images/Products/barenecessities/corporated-gift1.webp,barenecessities,
,Sustainable Gentleman's Hamper - Premium Grooming Gift for Men,"A thoughtfully curated sustainable grooming hamper for men, featuring premium eco-conscious essentials that elevate daily care with refined style, confidence, and planet-friendly sophistication. ????",1504,corporate-gift,/images/Products/barenecessities/corporated-gift2.webp,barenecessities,
,Founders’ Favourites: My Go-to Gift Bundle,"A handpicked bundle of the founder’s most-loved essentials—carefully chosen, beautifully crafted, and perfect for gifting something truly trusted, tried, and cherished.
",1600,corporate-gift,/images/Products/barenecessities/corporated-gift3.webp,barenecessities,
,Teen's Green Glow Kit - Sustainable Skincare Gift Set for Teens,"A gentle, fun, and sustainable skincare gift set for teens—featuring clean, eco-friendly essentials that care for young skin, boost confidence, and encourage mindful self-care habits. ???",1698,corporate-gift,/images/Products/barenecessities/corporated-gift-4.jfif,barenecessities,
,Saffron Bliss Spa Bar - Handmade Cold-Processed Natural Soap,"A luxurious handmade, cold-processed natural soap infused with saffron—gently cleansing, nourishing skin, and transforming everyday bathing into a calming, spa-like ritual. ????",415,soap,/images/Products/barenecessities/soap-1.webp,barenecessities,
,Sunset Waves Spa Bar - Handmade Lavender Rose Cold-Processed Soap,"A soothing handmade cold-processed soap infused with lavender and rose—gently cleansing skin while evoking calm, balance, and a sunset-inspired spa-like bathing experience. ????
",415,soap,/images/Products/barenecessities/soap-2.webp,barenecessities,
,Pack of 4 Spa Bars - Handmade Cold-Processed Natural Soaps,"A thoughtfully curated pack of four handmade, cold-processed natural spa bars—crafted to gently cleanse, nourish skin, and elevate everyday bathing with pure, plant-based goodness. ????
",998,soap,/images/Products/barenecessities/soap-3.webp,barenecessities,
,Turmeric Spa Bar - And It was All Yellow Handcrafted Soap,"A vibrant handcrafted turmeric spa bar infused with natural goodness—gently cleansing, brightening skin, and turning your daily bath into a warm, nourishing self-care ritual. ????",549,soap,/images/Products/barenecessities/soap-4.webp,barenecessities,
,Orange Cinnamon Spa Bar - Cinnamon Trails with a Twist,"A warming handcrafted spa bar infused with orange and cinnamon—gently cleansing skin while filling your bath ritual with cozy, spicy-citrus comfort and natural goodness. ???",436,soap,/images/Products/barenecessities/soap-5.webp,barenecessities,
,Basil Rosemary Spa Bar - The Herbalist Handmade Natural Soap,"A refreshing handmade natural soap infused with basil and rosemary—herbaceous, invigorating, and gently cleansing to awaken your senses and restore skin with plant-powered care. ????",549,soap,/images/Products/barenecessities/soap-6.webp,barenecessities,
,Annatto Spa Bar - An Anecdote Handmade Earth-Friendly Soap,A warm-toned handmade spa bar infused with annatto—gently cleansing and nourishing skin with earth-friendly ingredients while adding a touch of natural indulgence to your daily ritual. ????,436,soap,/images/Products/barenecessities/soap-7.webp,barenecessities,
,Rhassoul Dazzle Spa Bar - Orange Cinnamon & Rhassoul Clay Soap,"A luxurious handmade spa bar blending orange, cinnamon, and rhassoul clay—deeply cleansing, gently exfoliating, and leaving skin refreshed, balanced, and naturally radiant. ???",386,soap,/images/Products/barenecessities/soap-8.webp,barenecessities,
,Soothe Operator Spa Bar - Rose & Green Clay Handmade Soap,"A calming handmade spa bar infused with rose and green clay—gently cleansing, soothing sensitive skin, and restoring balance with a soft, comforting, spa-like bathing experience. ????
",549,soap,/images/Products/barenecessities/soap-9.webp,barenecessities,
,Brew For The Soul Coffee Spa Bar - Handmade Natural Soap,"A rich handmade natural coffee spa bar that gently exfoliates and cleanses—awakening your senses, energizing skin, and turning every bath into a soul-soothing ritual. ???",549,soap,/images/Products/barenecessities/soap-10.webp,barenecessities,
,Dark Knight Activated Charcoal Spa Bar - Handmade Toxin-Free Soap,"A powerful handmade activated charcoal spa bar—deeply cleansing, toxin-free, and crafted to purify skin, unclog pores, and refresh your bathing ritual with bold, natural care. ????
",386,soap,/images/Products/barenecessities/soap-11.webp,barenecessities,
,Pack of 4 Bare Spa Bars - Travel Size Handmade Natural Soaps,"A convenient pack of four travel-size handmade bare spa bars—gentle, natural, and perfect for on-the-go cleansing with minimal packaging and maximum skin-loving care. ????",380,soap,/images/Products/barenecessities/soap-12.webp,barenecessities,
,Soak it up Moisturizer - Natural Body Butter for Deep Hydration,"Soak It Up Moisturizer is a rich, natural body butter that deeply hydrates and nourishes dry skin. Packed with plant-based ingredients, it restores softness, improves elasticity, and leaves your skin smooth, supple, and glowing.
",550,Hydrating Moisturizers,/images/Products/barenecessities/lotion-1.webp,barenecessities,
,Rainforest Moisturizer - Face & Body Butter for Deep Hydration,"Rainforest Moisturizer is a luxurious face and body butter designed for deep hydration. Enriched with nourishing natural ingredients, it replenishes moisture, soothes dryness, improves skin texture, and leaves your skin soft, radiant, and refreshed.
",1062,Hydrating Moisturizers,/images/Products/barenecessities/lotion-2.webp,barenecessities,
,Garden of Eden Deodorant - Floral Natural & Moisturizing,"Garden of Eden Deodorant is a floral, natural formula that keeps you fresh all day while gently moisturizing the skin. Crafted with plant-based ingredients, it neutralizes odor, soothes underarms, and leaves a soft, delicate fragrance.
",559,deodorants,/images/Products/barenecessities/Moisturizing-1.webp,barenecessities,
,Round The Clock Deodorant - All-Day Natural & Plastic-Free,"Round The Clock Deodorant is a powerful, all-day natural formula designed to keep you fresh from morning to night. Plastic-free and eco-friendly, it effectively neutralizes odor while caring for your skin with gentle, plant-based ingredients.
",559,deodorants,/images/Products/barenecessities/Moisturizing-2.webp,barenecessities,
,Rock N' Roll Solid Deodorant - Natural Plant-Based Zero Waste,"Rock N' Roll Solid Deodorant is a bold, natural plant-based formula that keeps you confidently fresh all day. Zero-waste and eco-friendly, it fights odor effectively while nourishing underarms with gentle, skin-loving ingredients.
",559,deodorants,/images/Products/barenecessities/Moisturizing-3.webp,barenecessities,
,Pack of 3 Natural Solid Deodorants - Travel-Size Eco-Friendly,"Pack of 3 Natural Solid Deodorants features travel-size, eco-friendly sticks crafted with plant-based ingredients. These compact essentials keep you fresh on the go, effectively neutralizing odor while caring for your skin and the planet.
",1119,deodorants,/images/Products/barenecessities/Moisturizing-4.webp,barenecessities,
,Terracotta Body Scrub - Local Natural Zero Waste Exfoliator,"Terracotta Body Scrub is a locally crafted, natural exfoliator designed to gently buff away dead skin and impurities. Made with zero-waste ingredients, it smooths texture, boosts glow, and leaves your skin soft, refreshed, and revitalized.
",410,Body Scrubs & Bath Salts,/images/Products/barenecessities/scrub-1.webp,barenecessities,
,Lavender Levitate Bath Salts - Natural Zero Waste Self-Care,"Lavender Levitate Bath Salts are a natural, zero-waste self-care essential crafted to relax body and mind. Infused with soothing lavender, they ease tension, calm senses, and leave your skin feeling soft, refreshed, and beautifully balanced.
",325,Body Scrubs & Bath Salts,/images/Products/barenecessities/scrub-2.webp,barenecessities,
,Espresso Yourself Coffee Body Scrub - Natural Vegan Zero Waste,"Espresso Yourself Coffee Body Scrub is a natural, vegan, zero-waste exfoliator crafted to awaken your skin. Rich coffee grounds gently buff away dead skin, boost circulation, and leave you smooth, energized, and glowing.
",410,Body Scrubs & Bath Salts,/images/Products/barenecessities/scrub-3.webp,barenecessities,
,Busy Bee Lip Balm - 100% Natural with Shea Butter,"Busy Bee Lip Balm is 100% natural and enriched with nourishing shea butter to deeply hydrate and protect dry lips. It soothes, softens, and locks in moisture, leaving your lips smooth, supple, and healthy.
",250, Lip Balms,/images/Products/barenecessities/lip-balm-1.webp,barenecessities,
,Mason & Co Cacao Butter Lip Balm - Natural Vegan Zero Waste,"Mason & Co Cacao Butter Lip Balm is a natural, vegan, zero-waste essential crafted to nourish and protect. Rich cacao butter deeply hydrates, repairs dryness, and leaves lips soft, smooth, and subtly glossy.
",250, Lip Balms,/images/Products/barenecessities/lip-balm-2.webp,barenecessities,
,Hemp'ily ever after Lip Balm - Vegan Zero Waste Natural,"‘Hemp’ily Ever After Lip Balm is a vegan, zero-waste, natural formula enriched with nourishing hemp oil. It deeply hydrates, soothes dry lips, locks in moisture, and leaves them soft, smooth, and beautifully conditioned.
",250, Lip Balms,/images/Products/barenecessities/lip-balm-3.webp,barenecessities,
,Pack of 3 Natural Lip Balms - Travel-Size Vegan Lip Care,"Pack of 3 Natural Lip Balms features travel-size, vegan lip care essentials crafted with nourishing plant-based ingredients. Perfect for on-the-go hydration, they soothe dryness, lock in moisture, and keep lips soft, smooth, and healthy.
",570, Lip Balms,/images/Products/barenecessities/lip-balm-4.webp,barenecessities,
,Multani Mitti Face Pack - 100% Natural Fuller's Earth Clay,"Multani Mitti Face Pack is 100% natural Fuller’s Earth clay that deeply cleanses and detoxifies skin. It absorbs excess oil, unclogs pores, reduces blemishes, and leaves your complexion fresh, smooth, and naturally radiant.
",220,face mask,/images/Products/barenecessities/face-mask.webp,barenecessities,
,Crans N' Roses Shampoo Bar - Natural Vegan & Hydrating,"Crans N’ Roses Shampoo Bar is a natural, vegan, and hydrating formula that gently cleanses while nourishing your hair. Enriched with plant-based ingredients, it boosts shine, softens strands, and leaves your hair fresh, smooth, and beautifully balanced.
",499,Shampoo & Conditioner Bars,/images/Products/barenecessities/shampoo-1.webp,barenecessities,
,Down to Earth Shampoo Bar - Protein-Rich Plant-Based Revitalizing,"Down to Earth Shampoo Bar is a protein-rich, plant-based formula designed to strengthen and revitalize hair. It gently cleanses, restores moisture, improves texture, and leaves your strands healthy, resilient, and naturally nourished.
",499,Shampoo & Conditioner Bars,/images/Products/barenecessities/shampoo-2.webp,barenecessities,
,Love is in the (h)air Conditioner Bar - Deep Hydration for Dry Scalp,"Love is in the (h)air Conditioner Bar delivers deep hydration for dry scalp and thirsty strands. Enriched with nourishing plant-based ingredients, it softens hair, reduces frizz, restores moisture balance, and leaves your locks smooth, healthy, and manageable.
",580,Shampoo & Conditioner Bars,/images/Products/barenecessities/shampoo-3.webp,barenecessities,
,Bare Hair Care Kit - Plant-Based Shampoo and Conditioner Bar,"Bare Hair Care Kit includes plant-based shampoo and conditioner bars crafted to cleanse, nourish, and hydrate naturally. Eco-friendly and zero-waste, it strengthens hair, improves texture, and leaves strands soft, smooth, and healthy.
",1020,Shampoo & Conditioner Bars,/images/Products/barenecessities/shampoo-5.webp,barenecessities,
,Mason & CO x Bare Dessert Dry Shampoo - Natural Aerosol-Free,"Mason & CO x Bare Dessert Dry Shampoo is a natural, aerosol-free formula designed to refresh hair between washes. It absorbs excess oil, adds volume, and leaves hair feeling clean, light, and effortlessly revitalized.
",375,Shampoo & Conditioner Bars,/images/Products/barenecessities/shampoo-4.webp,barenecessities,
,Dissolve - Powder-to-Liquid Dish Wash Concentrate,"Dissolve is a powder-to-liquid dish wash concentrate that cleans tough grease and grime effectively. Eco-friendly and zero-waste, it transforms into a powerful, natural dish soap, leaving dishes sparkling clean and residue-free.
",650,dish-wash,/images/Products/barenecessities/dish-wash-1.webp,barenecessities,
,Stir It Up - Powder-to-Liquid Hand Wash Concentrate,"Stir It Up is a powder-to-liquid hand wash concentrate that transforms into a gentle, effective cleanser. Natural and eco-friendly, it removes dirt and bacteria while keeping hands soft, hydrated, and refreshed.",650,hand-wash,/images/Products/barenecessities/hand-wash-1.webp,barenecessities,
,Genie in a Bottle - Zero Waste Multi-Surface Cleaner,"Genie in a Bottle is a zero-waste, natural multi-surface cleaner that effortlessly removes dirt and grime. Safe, eco-friendly, and effective, it leaves surfaces sparkling clean, fresh, and streak-free.",630,clener,/images/Products/barenecessities/clener.webp ,barenecessities,
,The Clean Home Necessities - Plant-Based Refillable Zero Waste,"The Clean Home Necessities is a plant-based, refillable, zero-waste kit designed for effortless, eco-friendly cleaning. Gentle yet effective, it keeps your home sparkling clean while caring for the environment.
",1600,home-clane,/images/Products/barenecessities/home-claen.webp,barenecessities,
,Reusable Swadeshi Tumbler - Collapsible Steel Travel Cup,"Reusable Swadeshi Tumbler is a collapsible steel travel cup designed for convenience and sustainability. Durable, lightweight, and eco-friendly, it’s perfect for on-the-go hydration while reducing single-use plastic waste.
",1026,kitchen-travel-kit,/images/Products/barenecessities/travel-kit-1.webp,barenecessities,
,Stainless Steel Straws - Reusable Eco-Friendly Food Grade,"Stainless Steel Straws are reusable, eco-friendly, and made from food-grade materials. Durable and safe, they reduce single-use plastic, making every sip sustainable while keeping drinks stylish and convenient.
",310,kitchen-travel-kit,/images/Products/barenecessities/travel-kit-2.jfif,barenecessities,
,Cutlery To Go,"Cutlery To Go is a portable, reusable, and eco-friendly utensil set designed for on-the-go meals. Durable and lightweight, it helps reduce single-use plastic while keeping your dining convenient and sustainable.
",375,kitchen-travel-kit,/images/Products/barenecessities/travel-kit-3.webp,barenecessities,
,Spork (Spoon & Fork) - Reusable Wood Cutlery,"Spork (Spoon & Fork) is a reusable wooden cutlery piece that combines a spoon and fork in one eco-friendly design. Durable, lightweight, and sustainable, it’s perfect for meals on the go while reducing single-use plastic.
",375,kitchen-travel-kit,/images/Products/barenecessities/travel-kit-4.webp,barenecessities,
,Coconut Food Bowl [Moana & Island Life Inspired],"Coconut Food Bowl is a sustainable, natural bowl inspired by Moana and island life. Handcrafted from real coconut shells, it’s perfect for serving meals or snacks while adding a tropical, eco-friendly touch to your table.",399,kitchen-travel-kit,/images/Products/barenecessities/travel-kit-5.webp,barenecessities,
,Coconut Bowl & Spork Combo [Moana & Island Life Inspired],"Coconut Bowl & Spork Combo is a sustainable, island-inspired dining set handcrafted from natural coconut shells and wood. Perfect for meals on the go, it’s eco-friendly, reusable, and brings a tropical, Moana-inspired vibe to your table.
",699,kitchen-travel-kit,images/Products/barenecessities/travel-kit-6.webp,barenecessities,
